{
  "run_id": "0d1b2c59ef1046bb8f2f3a90bf764c41",
  "dataset_id": "19c6b66c0a81469eaa5097baf613b76c",
  "created_at": "2026-03-25T12:19:15.405821+00:00",
  "metrics": {
    "dataset_path": "D:\\Thendral\\thendral_core_api\\data\\uploads\\processed\\19c6b66c0a81469eaa5097baf613b76c.csv",
    "row_count": 365446,
    "accuracy": 0.9675331782733616,
    "macro_f1": 0.9630102100404546,
    "weighted_f1": 0.9675539226152866,
    "classification_report": {
      "0": {
        "precision": 0.981336453926246,
        "recall": 0.970734023923303,
        "f1-score": 0.9760064460294249,
        "support": 33691.0
      },
      "1": {
        "precision": 0.9564497041420118,
        "recall": 0.9431672307153693,
        "f1-score": 0.9497620306716024,
        "support": 8569.0
      },
      "2": {
        "precision": 0.9558330405901703,
        "recall": 0.9708076548816088,
        "f1-score": 0.9632621534203369,
        "support": 30830.0
      },
      "accuracy": 0.9675331782733616,
      "macro avg": {
        "precision": 0.9645397328861427,
        "recall": 0.9615696365067604,
        "f1-score": 0.9630102100404546,
        "support": 73090.0
      },
      "weighted avg": {
        "precision": 0.9676611933974142,
        "recall": 0.9675331782733616,
        "f1-score": 0.9675539226152866,
        "support": 73090.0
      }
    },
    "model_key": "logistic_regression",
    "model_path": "D:\\Thendral\\thendral_core_api\\ML\\artifacts\\logistic_regression_model.joblib",
    "vectorizer_path": "D:\\Thendral\\thendral_core_api\\ML\\artifacts\\vectorizer.joblib"
  }
}