{
  "run_id": "96cfcaa5113e420aa665b1c4b8fc02ba",
  "dataset_id": "c9bee27366fc456cb3442e322e95126e",
  "created_at": "2026-03-25T11:57:10.522968+00:00",
  "metrics": {
    "dataset_path": "D:\\Thendral\\thendral_core_api\\data\\uploads\\processed\\c9bee27366fc456cb3442e322e95126e.csv",
    "row_count": 31665,
    "accuracy": 0.9864203379125217,
    "macro_f1": 0.9864117727013347,
    "weighted_f1": 0.9864177521883898,
    "classification_report": {
      "0": {
        "precision": 0.9937969311132876,
        "recall": 0.9784635165541626,
        "f1-score": 0.98607061872368,
        "support": 3111.0
      },
      "1": {
        "precision": 0.9795107033639143,
        "recall": 0.9941030415890751,
        "f1-score": 0.9867529266789895,
        "support": 3222.0
      },
      "accuracy": 0.9864203379125217,
      "macro avg": {
        "precision": 0.986653817238601,
        "recall": 0.986283279071619,
        "f1-score": 0.9864117727013347,
        "support": 6333.0
      },
      "weighted avg": {
        "precision": 0.986528618179689,
        "recall": 0.9864203379125217,
        "f1-score": 0.9864177521883898,
        "support": 6333.0
      }
    },
    "model_key": "logistic_regression",
    "model_path": "D:\\Thendral\\thendral_core_api\\ML\\artifacts\\logistic_regression_model.joblib",
    "vectorizer_path": "D:\\Thendral\\thendral_core_api\\ML\\artifacts\\vectorizer.joblib"
  }
}